Vorname;Nachname;E-Mail;Klasse;Benutzername;Passwort;Titel;Raumnummer;Raumname
Otto;Normal;otto@web.de;1C;normalo;password;Mag.;A001;Konferenzzimmer
John;Doe;john@web.de;2E;doej;password;Mag.;103;Inforaum
Max;Mustermann;max@muster.de;5B;mustermannm;password;Mag.;B037;Turnhalle
Juan;Pérez;jp@foo.de;7A;perezj;password;BEd.;A001;Konferenzzimmer
Petar;Petrovic;pp@foo.de;3B;petrovicp;password;MSC.;C024;7B
John;Smith;js@foo.de;11A;smithj;password;Mag.;107;Bioraum
Johann;Jäger;jj@foo.de;8A;jaegerj;password;MBA;A065;5A
